{
    "MSE 0": 0.035346459913746485,
    "MSE 1": 0.04653271774029513,
    "MSE 10": 0.06120705168253789,
    "MSE 11": 0.061840435707225784,
    "MSE 2": 0.03040674882268514,
    "MSE 3": 0.04145027011998072,
    "MSE 4": 0.053631646705798085,
    "MSE 5": 0.051271042503788604,
    "MSE 6": 0.0840491206205752,
    "MSE 7": 0.05411590160687263,
    "MSE 8": 0.0816189794297017,
    "MSE 9": 0.0510571181290183,
    "Trace 0": 0.004472914392629223,
    "Trace 1": 0.0022566501362771443,
    "Trace 10": 0.0039459391384888505,
    "Trace 11": 0.005052098879793756,
    "Trace 2": 0.0034854739735395634,
    "Trace 3": 0.0038696628841459763,
    "Trace 4": 0.004325630179188025,
    "Trace 5": 0.0014891757008268574,
    "Trace 6": 0.004902522699194873,
    "Trace 7": 0.0026807828752821454,
    "Trace 8": 0.003164787187147306,
    "Trace 9": 0.0048926241964436365,
    "avg MSE": 0.05437729108185214,
    "avg trace": 2.2269131121478677e-06,
    "random MSE": 0.09644019603729248
}