{
    "FOSCTTM 0": 0.5864197530864197,
    "FOSCTTM 1": 0.5686868686868688,
    "FOSCTTM 10": 0.4849576755891101,
    "FOSCTTM 11": 0.5165554628857381,
    "FOSCTTM 12": 0.4792033599783227,
    "FOSCTTM 13": 0.4976215195847098,
    "FOSCTTM 14": 0.55,
    "FOSCTTM 15": 0.3965512065744446,
    "FOSCTTM 16": 0.4194648570725361,
    "FOSCTTM 17": 0.41951219512195126,
    "FOSCTTM 18": 0.4251269035532995,
    "FOSCTTM 19": 0.55731412799724,
    "FOSCTTM 2": 0.42777777777777776,
    "FOSCTTM 20": 0.5,
    "FOSCTTM 21": 0.51775956284153,
    "FOSCTTM 22": 0.5472931523656162,
    "FOSCTTM 23": 0.6071428571428571,
    "FOSCTTM 24": 0.5656756756756757,
    "FOSCTTM 25": 0.5192326219060323,
    "FOSCTTM 26": 0.490546218487395,
    "FOSCTTM 27": 0.5396221033868093,
    "FOSCTTM 28": 0.5546980213405158,
    "FOSCTTM 29": 0.4467584524224469,
    "FOSCTTM 3": 0.5109795896832934,
    "FOSCTTM 30": 0.5220797720797721,
    "FOSCTTM 31": 0.5433333333333333,
    "FOSCTTM 32": 0.4950980392156862,
    "FOSCTTM 33": 0.3541666666666667,
    "FOSCTTM 34": 0.5246674057649667,
    "FOSCTTM 35": 0.39343965614749465,
    "FOSCTTM 36": 0.5666666666666667,
    "FOSCTTM 37": 0.5365129280223621,
    "FOSCTTM 38": 0.5823734808634138,
    "FOSCTTM 4": 0.55237815619495,
    "FOSCTTM 40": 0.4064074479737131,
    "FOSCTTM 41": 0.6785714285714286,
    "FOSCTTM 42": 0.5814151747655584,
    "FOSCTTM 43": 0.6066176470588235,
    "FOSCTTM 44": 0.5265492673746471,
    "FOSCTTM 5": 0.4827573307242957,
    "FOSCTTM 6": 0.5397381954184198,
    "FOSCTTM 7": 0.5804344928695189,
    "FOSCTTM 8": 0.5517117321820798,
    "FOSCTTM 9": 0.5647641831852359,
    "Trace 0": 0.0030898724387331705,
    "Trace 1": 0.012094096703962847,
    "Trace 10": 0.01515071950060256,
    "Trace 11": 0.009229340336539528,
    "Trace 12": 0.006020299235328299,
    "Trace 13": 0.0031769886338637652,
    "Trace 14": 0.12412945032119752,
    "Trace 15": 0.0007879140512547957,
    "Trace 16": 0.005789931349175745,
    "Trace 17": 0.003616859733043216,
    "Trace 18": 0.007213737758888206,
    "Trace 19": 0.004100627440182283,
    "Trace 2": 0.1529654860496521,
    "Trace 20": 0.03103960261625402,
    "Trace 21": 0.008652986073103107,
    "Trace 22": 0.004421274603149037,
    "Trace 23": 0.0030316739128186153,
    "Trace 24": 0.005441316366195679,
    "Trace 25": 0.001713035198358389,
    "Trace 26": 0.007107654622956819,
    "Trace 27": 0.0043648583094278975,
    "Trace 28": 0.0030693511672431444,
    "Trace 29": 0.005961266003156963,
    "Trace 3": 0.001471581936536666,
    "Trace 30": 0.03550483562328197,
    "Trace 31": 0.07501699447631836,
    "Trace 32": 0.0347341431511773,
    "Trace 33": 0.22822830412122938,
    "Trace 34": 0.005386740511113947,
    "Trace 35": 0.0032645271396410437,
    "Trace 36": 0.1102733314037323,
    "Trace 37": 0.008325950966940986,
    "Trace 38": 0.002977359614916296,
    "Trace 4": 0.008703724118589445,
    "Trace 40": 0.008364200592041016,
    "Trace 41": 0.028714727078165327,
    "Trace 42": 0.004703012065611024,
    "Trace 43": 0.038253661464242375,
    "Trace 44": 0.006009688956200043,
    "Trace 5": 0.0013510589882478876,
    "Trace 6": 0.007011611615457843,
    "Trace 7": 0.0026321163991602455,
    "Trace 8": 0.002953092013400025,
    "Trace 9": 0.010062777376794195,
    "avg FOSCTTM": 0.516331431096355,
    "avg trace": 0.00011597691596872342
}