{
    "FOSCTTM 0": 0.454908160192713,
    "FOSCTTM 1": 0.4582491582491582,
    "FOSCTTM 10": 0.37897506291466493,
    "FOSCTTM 11": 0.38569641367806506,
    "FOSCTTM 12": 0.32695434223005015,
    "FOSCTTM 13": 0.41206229353468615,
    "FOSCTTM 14": 0.475,
    "FOSCTTM 15": 0.3733479792129455,
    "FOSCTTM 16": 0.28183783973840587,
    "FOSCTTM 17": 0.2686784167111744,
    "FOSCTTM 18": 0.5077307572775303,
    "FOSCTTM 19": 0.34950549134609854,
    "FOSCTTM 2": 0.4111111111111111,
    "FOSCTTM 20": 0.3786764705882353,
    "FOSCTTM 21": 0.3941256830601093,
    "FOSCTTM 22": 0.4279579786826163,
    "FOSCTTM 23": 0.3866133866133866,
    "FOSCTTM 24": 0.25657657657657656,
    "FOSCTTM 25": 0.2966929746554024,
    "FOSCTTM 26": 0.3858543417366947,
    "FOSCTTM 27": 0.298,
    "FOSCTTM 28": 0.46238216098622187,
    "FOSCTTM 29": 0.3116721854304636,
    "FOSCTTM 3": 0.30448246883432073,
    "FOSCTTM 30": 0.3254985754985756,
    "FOSCTTM 31": 0.345,
    "FOSCTTM 32": 0.41503267973856206,
    "FOSCTTM 33": 0.4722222222222222,
    "FOSCTTM 34": 0.32664449371766446,
    "FOSCTTM 35": 0.3260801945481281,
    "FOSCTTM 36": 0.38333333333333336,
    "FOSCTTM 37": 0.4531795946890287,
    "FOSCTTM 38": 0.44215944132051516,
    "FOSCTTM 4": 0.45733998825601874,
    "FOSCTTM 40": 0.3781124497991968,
    "FOSCTTM 41": 0.32142857142857145,
    "FOSCTTM 42": 0.41123188405797106,
    "FOSCTTM 43": 0.5661764705882353,
    "FOSCTTM 44": 0.47175359591342925,
    "FOSCTTM 5": 0.3618629679721447,
    "FOSCTTM 6": 0.30668536699392235,
    "FOSCTTM 7": 0.4633479941356791,
    "FOSCTTM 8": 0.3931492842535787,
    "FOSCTTM 9": 0.31279904306220097,
    "Trace 0": 0.012195121951219513,
    "Trace 1": 0.01818181818181818,
    "Trace 10": 0.0015929002161793149,
    "Trace 11": 0.00025974025974025963,
    "Trace 12": 0.00819672131147541,
    "Trace 13": 0.009382894261999277,
    "Trace 14": 0.2,
    "Trace 15": 5.756177529724901e-07,
    "Trace 16": 0.004220483900309259,
    "Trace 17": 0.002530855696168096,
    "Trace 18": 0.005121063743767126,
    "Trace 19": 0.0053475935828877,
    "Trace 2": 0.1,
    "Trace 20": 0.0641711229946524,
    "Trace 21": 0.01639344262295082,
    "Trace 22": 0.006393298059964726,
    "Trace 23": 0.014652014652014652,
    "Trace 24": 0.01519047619047619,
    "Trace 25": 0.0019271860618014463,
    "Trace 26": 0.004933791698497581,
    "Trace 27": 0.002697674418604651,
    "Trace 28": 0.005076142131979695,
    "Trace 29": 0.0020253759398496237,
    "Trace 3": 0.0013717421124828531,
    "Trace 30": 0.03864734299516908,
    "Trace 31": 0.08,
    "Trace 32": 0.05555555555555555,
    "Trace 33": 0.1388888888888889,
    "Trace 34": 0.012413019079685747,
    "Trace 35": 0.0023752969121140144,
    "Trace 36": 0.19444444444444445,
    "Trace 37": 0.018518518518518517,
    "Trace 38": 0.006711409395973154,
    "Trace 4": 0.004664970313825276,
    "Trace 40": 0.008032128514056224,
    "Trace 41": 0.19047619047619047,
    "Trace 42": 0.014492753623188406,
    "Trace 43": 0.0,
    "Trace 44": 0.0,
    "Trace 5": 0.0017490536438972818,
    "Trace 6": 0.01659654043945769,
    "Trace 7": 0.016260162601626018,
    "Trace 8": 0.006250723463363815,
    "Trace 9": 0.012987012987012988,
    "avg FOSCTTM": 0.384548395565673,
    "avg trace": 0.00014644412943010633
}