{
    "FOSCTTM 0": 0.3289671785606745,
    "FOSCTTM 1": 0.26919191919191915,
    "FOSCTTM 10": 0.29123770304278196,
    "FOSCTTM 11": 0.2631359466221852,
    "FOSCTTM 12": 0.2405500609673486,
    "FOSCTTM 13": 0.4202548371873525,
    "FOSCTTM 14": 0.1,
    "FOSCTTM 15": 0.2746244795290245,
    "FOSCTTM 16": 0.2323582152526283,
    "FOSCTTM 17": 0.30416889205388403,
    "FOSCTTM 18": 0.19978245105148654,
    "FOSCTTM 19": 0.32501006267609683,
    "FOSCTTM 2": 0.4444444444444445,
    "FOSCTTM 20": 0.40808823529411764,
    "FOSCTTM 21": 0.276775956284153,
    "FOSCTTM 22": 0.37125220458553787,
    "FOSCTTM 23": 0.36713286713286714,
    "FOSCTTM 24": 0.343963963963964,
    "FOSCTTM 25": 0.277251000444642,
    "FOSCTTM 26": 0.4011035448662223,
    "FOSCTTM 27": 0.2546559714795009,
    "FOSCTTM 28": 0.2576789599088366,
    "FOSCTTM 29": 0.44599599163471587,
    "FOSCTTM 3": 0.26579105051327273,
    "FOSCTTM 30": 0.2827635327635328,
    "FOSCTTM 31": 0.21666666666666667,
    "FOSCTTM 32": 0.3088235294117647,
    "FOSCTTM 33": 0.3472222222222222,
    "FOSCTTM 34": 0.2536585365853659,
    "FOSCTTM 35": 0.47949326999208236,
    "FOSCTTM 36": 0.13333333333333333,
    "FOSCTTM 37": 0.31149545772187287,
    "FOSCTTM 38": 0.3533466352258298,
    "FOSCTTM 4": 0.31086318261890783,
    "FOSCTTM 40": 0.19863088718510402,
    "FOSCTTM 41": 0.0,
    "FOSCTTM 42": 0.1985294117647059,
    "FOSCTTM 43": 0.3125,
    "FOSCTTM 44": 0.39042546041134557,
    "FOSCTTM 5": 0.3746813041351328,
    "FOSCTTM 6": 0.22335203366058903,
    "FOSCTTM 7": 0.30454484872717574,
    "FOSCTTM 8": 0.3845906233431796,
    "FOSCTTM 9": 0.3774777853725222,
    "Trace 0": 0.03970272657347888,
    "Trace 1": 0.14392433166503907,
    "Trace 10": 0.08570325120966485,
    "Trace 11": 0.0828805229880593,
    "Trace 12": 0.057914858958760244,
    "Trace 13": 0.027435685959330366,
    "Trace 14": 0.6001039028167725,
    "Trace 15": 0.004778325361732924,
    "Trace 16": 0.04084651739527491,
    "Trace 17": 0.016953426555995525,
    "Trace 18": 0.06426578850915589,
    "Trace 19": 0.022921893685896765,
    "Trace 2": 0.17130039930343627,
    "Trace 20": 0.13273264380062327,
    "Trace 21": 0.1390208103617684,
    "Trace 22": 0.05999648129498517,
    "Trace 23": 0.09847268080100036,
    "Trace 24": 0.07309065500895183,
    "Trace 25": 0.027887399380023662,
    "Trace 26": 0.023453801285986807,
    "Trace 27": 0.037885091145833334,
    "Trace 28": 0.0553115031440851,
    "Trace 29": 0.036623088937056694,
    "Trace 3": 0.022247811567309136,
    "Trace 30": 0.2180006945574725,
    "Trace 31": 0.2725020790100098,
    "Trace 32": 0.24318401018778482,
    "Trace 33": 0.538710806104872,
    "Trace 34": 0.03390336759162672,
    "Trace 35": 0.00261884262329609,
    "Trace 36": 0.6667064825693766,
    "Trace 37": 0.10297409693400066,
    "Trace 38": 0.03046404755355528,
    "Trace 4": 0.06859393520209625,
    "Trace 40": 0.08415649023400731,
    "Trace 41": 0.9996329035077777,
    "Trace 42": 0.08265093789584395,
    "Trace 43": 0.24053450191722198,
    "Trace 44": 0.029277625111486183,
    "Trace 5": 0.011172095799850205,
    "Trace 6": 0.11145352804532616,
    "Trace 7": 0.041605193440507095,
    "Trace 8": 0.024242206585187852,
    "Trace 9": 0.06552947031987177,
    "avg FOSCTTM": 0.29831396949611344,
    "avg trace": 0.0006578012098560302
}