{
    "MSE 0": 0.041651297360658646,
    "MSE 1": 0.04854617267847061,
    "MSE 10": 0.05884901061654091,
    "MSE 11": 0.046349748969078064,
    "MSE 2": 0.048395365476608276,
    "MSE 3": 0.03544427081942558,
    "MSE 4": 0.04899284243583679,
    "MSE 5": 0.0456126369535923,
    "MSE 6": 0.047763530164957047,
    "MSE 7": 0.06368503719568253,
    "MSE 8": 0.04923875257372856,
    "MSE 9": 0.04294485226273537,
    "Trace 0": 0.007779902405590176,
    "Trace 1": 0.00825870447153058,
    "Trace 10": 0.006988652236873308,
    "Trace 11": 0.005527560027915271,
    "Trace 2": 0.005824672008480446,
    "Trace 3": 0.006043804918478391,
    "Trace 4": 0.004478051466642371,
    "Trace 5": 0.004367009720579705,
    "Trace 6": 0.005469519818033158,
    "Trace 7": 0.006273390245548257,
    "Trace 8": 0.00904772153224543,
    "Trace 9": 0.011698700554575158,
    "avg MSE": 0.048122793436050415,
    "avg trace": 4.087884470324613e-06,
    "random MSE": 0.09588908404111862
}